{"displays":{"frame123":{"anchorX":0,"start":27,"type":"null","anchorY":0.0019736842105263904,"end":27},"img003":{"anchorX":0,"start":34,"type":"null","anchorY":0.00015873015873019483,"end":34},"frame2":{"anchorX":0.009174311926605503,"start":30,"type":"null","anchorY":0.014743589743589816,"end":30},"img002":{"anchorX":0,"start":33,"type":"null","anchorY":0,"end":33},"info01":{"start":0,"anchorY":0.4974576271186441,"labels":{"selected":{"start":1,"end":1},"up":{"start":0,"end":0}},"anchorX":0.502542372881356,"end":1,"type":"btn"},"img001":{"anchorX":0.012422360248447204,"start":32,"type":"null","anchorY":0.5753048780487805,"end":32},"frame1234":{"anchorX":0,"start":29,"type":"null","anchorY":-0.0011961722488038277,"end":29},"img0213":{"anchorX":0.5004201680672269,"start":40,"type":"null","anchorY":0.4978991596638655,"end":40},"img0123":{"anchorX":0.013793103448275862,"start":39,"type":"null","anchorY":0.9919540229885058,"end":39},"leftbtn":{"anchorX":0.5,"start":2,"type":"btn","anchorY":0.5,"end":2},"img008":{"anchorX":-0.20441176470588235,"start":38,"type":"null","anchorY":1.2561643835616438,"end":38},"rightbtn":{"anchorX":0.5,"start":3,"type":"btn","anchorY":0.5,"end":3},"frame1231":{"anchorX":0,"start":28,"type":"null","anchorY":0.003773584905660431,"end":28},"img005":{"anchorX":-0.07983193277310924,"start":36,"type":"null","anchorY":1.0798319327731092,"end":36},"pointicon":{"anchorX":0.55,"start":54,"type":"null","anchorY":0.45,"end":54},"img004":{"anchorX":-0.12415730337078652,"start":35,"type":"null","anchorY":1.1255102040816327,"end":35},"imh031":{"anchorX":0.07246376811594203,"start":42,"type":"null","anchorY":0.9285714285714286,"end":42},"img123":{"anchorX":0,"start":41,"type":"null","anchorY":0.0018987341772152616,"end":41},"frame3":{"anchorX":0.006688963210702341,"start":31,"type":"null","anchorY":0.008215962441314555,"end":31},"playerIcon":{"anchorX":0.5033013205282113,"start":43,"type":"null","anchorY":0.48621103117506,"end":53},"img006":{"anchorX":0.1878378378378378,"start":37,"type":"null","anchorY":0.9066176470588236,"end":37},"frame1":{"anchorX":0.013071895424836602,"start":26,"type":"null","anchorY":0.02181818181818187,"end":26}},"metadata":{"textureFileName":"levelscene.png","realTextureFileName":"levelscene.png","format":2,"size":"{924,1018}","flaxVersion":1.48},"fonts":{"leveltxtfont":{"start":4,"anchorY":1.263157894736842,"chars":"1-234567890/","anchorX":-0.15384615384615383,"end":15,"size":20},"numgold":{"start":16,"anchorY":1.3888888888888888,"chars":"1234567890","anchorX":-0.2,"end":25,"size":24}},"frames":{"levelscene_000046":{"rotated":false,"frame":"{{301,387},{168,168}}","offset":"{0.10,0.05}","sourceSize":"{166.6,166.8}"},"levelscene_000037":{"rotated":false,"frame":"{{513,670},{76,70}}","offset":"{0.00,0.00}","sourceSize":"{74,68}"},"levelscene_000021":{"rotated":false,"frame":"{{0,993},{16,20}}","offset":"{0.50,0.00}","sourceSize":"{15,18}"},"levelscene_000030":{"rotated":false,"frame":"{{222,813},{220,158}}","offset":"{0.00,0.00}","sourceSize":"{218,156}"},"levelscene_000049":{"rotated":false,"frame":"{{476,0},{168,168}}","offset":"{0.30,-0.40}","sourceSize":"{166.6,166.8}"},"levelscene_000020":{"rotated":false,"frame":"{{32,993},{16,19}}","offset":"{0.50,-0.50}","sourceSize":"{15,18}"},"levelscene_000015":{"rotated":false,"frame":"{{78,973},{14,20}}","offset":"{-0.50,-0.50}","sourceSize":"{13,19}"},"levelscene_000036":{"rotated":false,"frame":"{{681,457},{121,121}}","offset":"{0.00,0.00}","sourceSize":"{119,119}"},"levelscene_000009":{"rotated":false,"frame":"{{131,973},{13,17}}","offset":"{1.00,1.00}","sourceSize":"{13,19}"},"levelscene_000054":{"rotated":false,"frame":"{{40,1012},{6,6}}","offset":"{0.00,0.00}","sourceSize":"{4,4}"},"levelscene_000022":{"rotated":false,"frame":"{{48,993},{15,19}}","offset":"{0.00,-0.50}","sourceSize":"{15,18}"},"levelscene_000051":{"rotated":false,"frame":"{{610,838},{168,168}}","offset":"{-0.20,0.05}","sourceSize":"{166.6,166.8}"},"levelscene_000028":{"rotated":false,"frame":"{{324,0},{151,108}}","offset":"{0.00,0.00}","sourceSize":"{149,106}"},"levelscene_000006":{"rotated":false,"frame":"{{144,991},{13,17}}","offset":"{1.00,2.00}","sourceSize":"{13,19}"},"levelscene_000034":{"rotated":false,"frame":"{{812,0},{63,317}}","offset":"{0.00,0.00}","sourceSize":"{61,315}"},"levelscene_000003":{"rotated":false,"frame":"{{778,678},{66,66}}","offset":"{0.00,0.00}","sourceSize":"{64,64}"},"levelscene_000002":{"rotated":false,"frame":"{{681,578},{66,66}}","offset":"{0.00,0.00}","sourceSize":"{64,64}"},"levelscene_000039":{"rotated":false,"frame":"{{442,924},{89,89}}","offset":"{0.00,0.00}","sourceSize":"{87,87}"},"levelscene_000041":{"rotated":false,"frame":"{{0,813},{222,160}}","offset":"{0.00,0.00}","sourceSize":"{220,158}"},"levelscene_000044":{"rotated":false,"frame":"{{442,756},{168,168}}","offset":"{0.20,-0.25}","sourceSize":"{166.6,166.8}"},"levelscene_000004":{"rotated":false,"frame":"{{92,991},{13,17}}","offset":"{1.00,2.00}","sourceSize":"{13,19}"},"levelscene_000032":{"rotated":false,"frame":"{{0,0},{324,166}}","offset":"{0.00,0.00}","sourceSize":"{322,164}"},"levelscene_000024":{"rotated":false,"frame":"{{48,973},{15,20}}","offset":"{0.00,0.00}","sourceSize":"{15,18}"},"levelscene_000026":{"rotated":false,"frame":"{{476,168},{155,112}}","offset":"{0.00,0.00}","sourceSize":"{153,110}"},"levelscene_000047":{"rotated":false,"frame":"{{637,168},{168,168}}","offset":"{-0.20,0.40}","sourceSize":"{166.6,166.8}"},"levelscene_000013":{"rotated":false,"frame":"{{118,989},{13,18}}","offset":"{1.00,1.50}","sourceSize":"{13,19}"},"levelscene_000011":{"rotated":false,"frame":"{{106,973},{13,16}}","offset":"{1.00,1.50}","sourceSize":"{13,19}"},"levelscene_000016":{"rotated":false,"frame":"{{63,973},{15,20}}","offset":"{1.00,0.00}","sourceSize":"{15,18}"},"levelscene_000019":{"rotated":false,"frame":"{{16,993},{16,20}}","offset":"{0.50,0.00}","sourceSize":"{15,18}"},"levelscene_000008":{"rotated":false,"frame":"{{131,990},{13,17}}","offset":"{1.00,2.00}","sourceSize":"{13,19}"},"levelscene_000052":{"rotated":false,"frame":"{{513,502},{168,168}}","offset":"{-0.20,-0.40}","sourceSize":"{166.6,166.8}"},"levelscene_000017":{"rotated":false,"frame":"{{63,993},{15,20}}","offset":"{0.00,0.00}","sourceSize":"{15,18}"},"levelscene_000050":{"rotated":false,"frame":"{{644,0},{168,168}}","offset":"{0.20,-0.20}","sourceSize":"{166.6,166.8}"},"levelscene_000042":{"rotated":false,"frame":"{{531,924},{71,72}}","offset":"{0.00,0.00}","sourceSize":"{69,70}"},"levelscene_000000":{"rotated":false,"frame":"{{778,805},{61,61}}","offset":"{0.00,0.00}","sourceSize":"{59,59}"},"levelscene_000029":{"rotated":false,"frame":"{{0,602},{297,211}}","offset":"{0.00,0.00}","sourceSize":"{295,209}"},"levelscene_000045":{"rotated":false,"frame":"{{308,166},{168,168}}","offset":"{-0.30,0.40}","sourceSize":"{166.6,166.8}"},"levelscene_000001":{"rotated":false,"frame":"{{778,744},{61,61}}","offset":"{0.00,0.00}","sourceSize":"{59,59}"},"levelscene_000018":{"rotated":false,"frame":"{{0,973},{17,20}}","offset":"{0.00,0.00}","sourceSize":"{15,18}"},"levelscene_000048":{"rotated":false,"frame":"{{610,670},{168,168}}","offset":"{-0.20,-0.05}","sourceSize":"{166.6,166.8}"},"levelscene_000027":{"rotated":false,"frame":"{{297,602},{216,154}}","offset":"{0.00,0.00}","sourceSize":"{214,152}"},"levelscene_000033":{"rotated":false,"frame":"{{839,744},{48,163}}","offset":"{0.00,0.00}","sourceSize":"{46,161}"},"levelscene_000023":{"rotated":false,"frame":"{{17,973},{16,20}}","offset":"{0.50,0.00}","sourceSize":"{15,18}"},"levelscene_000010":{"rotated":false,"frame":"{{144,973},{13,18}}","offset":"{1.00,1.50}","sourceSize":"{13,19}"},"levelscene_000031":{"rotated":false,"frame":"{{0,387},{301,215}}","offset":"{0.00,0.00}","sourceSize":"{299,213}"},"levelscene_000025":{"rotated":false,"frame":"{{33,973},{15,20}}","offset":"{0.00,0.00}","sourceSize":"{15,18}"},"levelscene_000035":{"rotated":false,"frame":"{{758,336},{91,100}}",